Name,file,start_date,end_date,avg_return,volatility,skewness,kurtosis,mdd,sharpe,n_obs,regime_id,regime_name
A,A_data.csv,42738,43098,0.3679275823972188,0.169577961567042,0.4415794002706598,5.657754769689938,0.06743164754214481,2.169666264396981,250,2,High-Alpha
AAL,AAL_data.csv,42738,43098,0.1176119423237048,0.2866767668858068,-0.08328668760881465,4.029166729482585,0.2084101807451124,0.4102597625937147,250,1,Stable
AAP,AAP_data.csv,42738,43098,-0.5415543141351472,0.4049327257082536,-2.205680887037288,32.29172400862857,0.5458550260312375,-1.337393299560893,250,0,Downtrend
AAPL,AAPL_data.csv,42738,43098,0.379387287421205,0.18200420756064,0.805504990461016,9.314371189835732,0.08859705317104405,2.08449734490232,250,2,High-Alpha
ABBV,ABBV_data.csv,42738,43098,0.4414952211091808,0.1781486353739291,0.6664906795264401,8.378635297239674,0.07172470978441126,2.478240825041935,250,2,High-Alpha
ABC,ABC_data.csv,42738,43098,0.1065449954486342,0.252787384461244,-1.573238166046324,12.57932384048909,0.2401950612160199,0.4214806671452746,250,1,Stable
ABT,ABT_data.csv,42738,43098,0.3824711939290245,0.138595833966534,0.2372259377454867,3.376581585874563,0.0667104111986001,2.759615372142988,250,2,High-Alpha
ACN,ACN_data.csv,42738,43098,0.2756659422736947,0.1333806995735883,-1.145444295703431,8.361474337452286,0.09187223276407341,2.06676035704555,250,2,High-Alpha
ADBE,ADBE_data.csv,42738,43098,0.5309923304728887,0.21552740813163,1.538178597895927,24.21143826037632,0.09633225458468186,2.463688192030749,250,2,High-Alpha
ADI,ADI_data.csv,42738,43098,0.206960409518408,0.2027924789153824,-0.06582895791995691,5.209416087625444,0.1125233208955224,1.02055268827186,250,2,High-Alpha
ADM,ADM_data.csv,42738,43098,-0.1430209546072306,0.1867117513295121,-2.0205198209924,18.61534364246693,0.1705343836491378,-0.7659986775809562,250,1,Stable
ADP,ADP_data.csv,42738,43098,0.1252187360576071,0.1944070578265324,-0.1993793827192125,18.70060911858942,0.1347237406441847,0.6441059159968286,250,1,Stable
ADS,ADS_data.csv,42738,43098,0.08487718178249451,0.2420549715787573,-0.7293849200721272,12.56307776412533,0.2046339343085005,0.3506525035569371,250,1,Stable
ADSK,ADSK_data.csv,42738,43098,0.3217949576493337,0.3050648097233882,-1.684583093854078,37.71177726102545,0.2030098280098281,1.054841290744466,250,1,Stable
AEE,AEE_data.csv,42738,43098,0.1197938437268995,0.121453370379858,-0.5988047781223031,4.835133315234203,0.09668422683607081,0.9863361004493483,250,2,High-Alpha
AEP,AEP_data.csv,42738,43098,0.160190761327975,0.1095107383121397,-0.09302210832569331,3.313043489633777,0.06192376496490981,1.462785876498993,250,2,High-Alpha
AES,AES_data.csv,42738,43098,-0.07443487286872247,0.2104565432026274,-0.03588798112794905,6.323030081431752,0.1439330543933054,-0.3536828636259441,250,1,Stable
AET,AET_data.csv,42738,43098,0.3873123859721381,0.1924995266514757,2.663797567858422,26.61747399069582,0.07211567918632444,2.012017342117287,250,2,High-Alpha
AFL,AFL_data.csv,42738,43098,0.2314666028394126,0.1128442296135762,-0.2763313106617464,10.15016751529556,0.04846938775510201,2.051204599757089,250,2,High-Alpha
AGN,AGN_data.csv,42738,43098,-0.2810863272264204,0.2114205352890006,-0.121518993744917,5.467906299321172,0.3613898106578176,-1.329512891650711,250,1,Stable
AIG,AIG_data.csv,42738,43098,-0.08962306860442054,0.1682345616305229,-2.941232743243788,27.77217746442334,0.1352678571428572,-0.532726853125762,250,1,Stable
AIV,AIV_data.csv,42738,43098,-0.02797336874501437,0.136065073499218,0.1827173728076096,3.702293854485077,0.08833010960670529,-0.205588164733363,250,1,Stable
AIZ,AIZ_data.csv,42738,43098,0.06951625476824053,0.2036710127235594,0.007535808030520883,11.62069152522269,0.1743671779429754,0.3413163897927597,250,1,Stable
AJG,AJG_data.csv,42738,43098,0.1932546051991509,0.1185423149906028,0.1322017606162202,4.371466471239619,0.06511350059737142,1.630258403629714,250,2,High-Alpha
AKAM,AKAM_data.csv,42738,43098,-0.03846692538312721,0.3441452810395534,-3.200371417668763,34.10800629111998,0.3685320584926886,-0.1117752516231833,250,0,Downtrend
ALB,ALB_data.csv,42738,43098,0.3762518099790352,0.2413764983169819,0.2563061140009067,9.324817972512793,0.1182736201410984,1.558775657955447,250,2,High-Alpha
ALGN,ALGN_data.csv,42738,43098,0.8358682241663101,0.3398509102786763,1.322041697643912,19.02710956644035,0.1720849260114296,2.459514448500084,250,2,High-Alpha
ALK,ALK_data.csv,42738,43098,-0.1813546859969467,0.2813507423885951,-1.953528321200424,17.72797076945733,0.3846767757382282,-0.6445857738184455,250,0,Downtrend
ALL,ALL_data.csv,42738,43098,0.3475935474993102,0.1267826602423364,0.8809610807330692,9.649658136472866,0.08711721224920799,2.74164895132275,250,2,High-Alpha
ALLE,ALLE_data.csv,42738,43098,0.2084042544987464,0.1736415134471282,-0.5225141239210914,11.99853403944415,0.1116569897275569,1.200198330235143,250,2,High-Alpha
ALXN,ALXN_data.csv,42738,43098,-0.02530328551956391,0.3189359419359806,0.1778629813643094,7.854084553992447,0.3251364232921186,-0.07933657575866127,250,1,Stable
AMAT,AMAT_data.csv,42738,43098,0.4740792006206703,0.264919263799848,-0.7396476248301406,5.922924623246884,0.1535714285714285,1.789523320504344,250,2,High-Alpha
AMD,AMD_data.csv,42738,43098,-0.1068895475219394,0.5962168946130316,-1.434858374189477,16.14354795843372,0.3486842105263157,-0.179279635461043,250,0,Downtrend
AME,AME_data.csv,42738,43098,0.3899676192635448,0.1319986775597501,0.5864867557621974,5.471040422578684,0.04549793191218576,2.954329743849315,250,2,High-Alpha
AMG,AMG_data.csv,42738,43098,0.3447980103615347,0.1889637067821797,-0.3022302393843635,7.00350298195554,0.1252120999356386,1.824678485795088,250,2,High-Alpha
AMGN,AMGN_data.csv,42738,43098,0.1441341866541014,0.1743255431943007,-0.4161536896415946,9.076599205376922,0.1619934282584884,0.8268104834955338,250,1,Stable
AMP,AMP_data.csv,42738,43098,0.4188413699256947,0.1958807272068146,-0.1775510225561807,4.994758847430079,0.1118279569892474,2.138246962313316,250,2,High-Alpha
AMT,AMT_data.csv,42738,43098,0.2980465316412775,0.1577083347975937,0.5786105306976375,6.468338239818821,0.09003404924044,1.88985909986176,250,2,High-Alpha
AMZN,AMZN_data.csv,42738,43098,0.4428661379036291,0.2051836621963294,3.078118688024899,33.83624382918286,0.1084726443768996,2.158388894920269,250,2,High-Alpha
ANDV,ANDV_data.csv,42738,43098,0.2550391869613746,0.2045691680007678,-0.2534247898132793,3.386994583920115,0.1525594970812753,1.246713712793794,250,2,High-Alpha
ANSS,ANSS_data.csv,42738,43098,0.4617469475195969,0.194505315482662,1.669007310814559,20.24922030524449,0.08590258313764099,2.373955417998622,250,2,High-Alpha
ANTM,ANTM_data.csv,42738,43098,0.4552362869352543,0.1815982476825989,0.3963653672355524,5.575128504129508,0.08099073089196174,2.506831936676644,250,2,High-Alpha
AON,AON_data.csv,42738,43098,0.1800559131055351,0.1221395642567819,-0.6680047327273031,5.507613170416374,0.125213282583016,1.474181721550864,250,2,High-Alpha
AOS,AOS_data.csv,42738,43098,0.2567616049068729,0.1585655489427873,-0.150146397726857,5.692320369872834,0.07203610484290923,1.619277369004764,250,2,High-Alpha
APA,APA_data.csv,42738,43098,-0.4158459841150302,0.3315977994916642,-0.35576035061895,5.457189770497369,0.3984007525870179,-1.254067381485998,250,0,Downtrend
APC,APC_data.csv,42738,43098,-0.2719233717987793,0.2693388900141087,-0.07311225253280508,6.628858548994834,0.435182603847226,-1.009595650240243,250,1,Stable
APD,APD_data.csv,42738,43098,0.1357939150833934,0.1351358230217031,0.228102626701315,9.625501931702274,0.09750688797795837,1.004869856467183,250,2,High-Alpha
APH,APH_data.csv,42738,43098,0.2660832497177348,0.1191379066244886,-0.07031607738385823,3.98897086021783,0.04856917826201101,2.233405447994012,250,2,High-Alpha
ARE,ARE_data.csv,42738,43098,0.1676539905491098,0.1377694763436927,-0.6214826767560608,5.581744564502743,0.1020170996928695,1.216916801881894,250,2,High-Alpha
ARNC,ARNC_data.csv,42738,43098,0.3534695247783592,0.3221324113584947,-0.6233185178531587,10.20104258778842,0.2851063829787234,1.097280224885505,250,1,Stable
ATVI,ATVI_data.csv,42738,43098,0.5514371807685345,0.3011692499306878,2.627262198286447,28.75450497705867,0.1142684401451027,1.830987661905869,250,2,High-Alpha
AVB,AVB_data.csv,42738,43098,0.01016441026872206,0.1322015754580933,-0.0244701396517911,5.401036403523856,0.1182822702159718,0.07688569696315072,250,1,Stable
AVGO,AVGO_data.csv,42738,43098,0.3679150239163775,0.2403225196128406,0.3986059898825918,6.332253011806741,0.09880368699745046,1.53092196482081,250,2,High-Alpha
AVY,AVY_data.csv,42738,43098,0.4971665167299094,0.1634343262601982,2.478346283558798,22.17922813978294,0.03726328649969457,3.04199569396693,250,2,High-Alpha
AWK,AWK_data.csv,42738,43098,0.237986128496491,0.1298660280286155,-0.633004736166602,4.471388550117838,0.07064344819068791,1.832551069045183,250,2,High-Alpha
AXP,AXP_data.csv,42738,43098,0.2783111646095048,0.1303816468687487,1.247651225703108,11.38479405696386,0.0777587890625,2.134588504543683,250,2,High-Alpha
AYI,AYI_data.csv,42738,43098,-0.2879339467189318,0.3639664129829324,-2.460553995438302,21.26544161183874,0.3481015296128037,-0.7911003225795837,250,0,Downtrend
AZO,AZO_data.csv,42738,43098,-0.1075401460546686,0.2710243662197369,-2.223047260463181,18.21678569540118,0.3786538655377482,-0.3967914308024945,250,0,Downtrend
BA,BA_data.csv,42738,43098,0.635660444925191,0.1755641134510318,2.315949599880347,21.16264609667953,0.05088010272323573,3.620674136816058,250,2,High-Alpha
BAC,BAC_data.csv,42738,43098,0.2723820072504238,0.2171613201609603,-0.3714453599188904,5.84318690429056,0.128235294117647,1.254284174771704,250,2,High-Alpha
BAX,BAX_data.csv,42738,43098,0.3776909970369394,0.1322039145924559,0.1147583920058789,6.24736359264059,0.05615482233502533,2.856882099151488,250,2,High-Alpha
BBT,BBT_data.csv,42738,43098,0.05713876971103733,0.174432028567903,-0.2530465219582027,5.260784312610462,0.1619718309859156,0.3275704019505473,250,1,Stable
BBY,BBY_data.csv,42738,43098,0.4745589478319327,0.357523168138709,1.373481436291023,27.79507297365785,0.1581559148391227,1.327351595988927,250,2,High-Alpha
BDX,BDX_data.csv,42738,43098,0.261477415301186,0.1589531136947227,1.075387827283683,15.44508589037807,0.06842386811262946,1.644997126658155,250,2,High-Alpha
BEN,BEN_data.csv,42738,43098,0.06957804833234371,0.1697113062119924,-0.433823723982892,4.322837595314078,0.1444585448392555,0.4099788628427108,250,1,Stable
BF.B,BF.B_data.csv,42738,43098,0.4242407233286969,0.1953950347618383,0.2549713436971516,13.08217511493996,0.1695361911454673,2.17119500424252,250,2,High-Alpha
BIIB,BIIB_data.csv,42738,43098,0.08878672958544008,0.2314673766780397,-0.3054233424857143,5.160023364995529,0.1755066550732393,0.3835820445182574,250,1,Stable
BK,BK_data.csv,42738,43098,0.1169489232819313,0.1479774066603834,-0.4869899975445839,4.977769389919136,0.09936358037364001,0.7903160754150517,250,2,High-Alpha
BLK,BLK_data.csv,42738,43098,0.2869858301409778,0.1394312921114037,-0.03729735841595435,3.880411486483572,0.0596568873477209,2.058259848238945,250,2,High-Alpha
BLL,BLL_data.csv,42738,43098,-0.0006655662176430201,0.1659810291874408,0.302010964843143,7.234467962186709,0.1250873515024458,-0.004009893304682444,250,1,Stable
BMY,BMY_data.csv,42738,43098,0.03056044551390723,0.232450835063045,-2.69840782790438,21.96245280392845,0.2213537335772493,0.1314705774475651,250,1,Stable
BRK.B,BRK.B_data.csv,42738,43098,0.1920726059075602,0.1097106952532219,0.5290301679429428,4.992442816169899,0.09036552346570403,1.75071906585078,250,2,High-Alpha
BSX,BSX_data.csv,42738,43098,0.1258663074412645,0.1825985414111147,-0.6576808160702516,15.2004894868558,0.1681208053691275,0.6893062040286545,250,1,Stable
BWA,BWA_data.csv,42738,43098,0.2449045455642087,0.2245150242877598,-0.72056066907293,5.23759738376541,0.1356086461888509,1.0908158433545,250,2,High-Alpha
BXP,BXP_data.csv,42738,43098,0.02233908152175812,0.1548986202419025,-0.439386157815303,5.606376103785327,0.1585644838432942,0.1442174338730168,250,1,Stable
C,C_data.csv,42738,43098,0.2071041622798902,0.1757897154666161,0.07899145129634232,3.922346850077406,0.09330727894479718,1.178135829676685,250,2,High-Alpha
CA,CA_data.csv,42738,43098,0.03044062343228531,0.2188240304723018,0.7661417314843297,44.14086061634482,0.1382681564245809,0.139110057367024,250,1,Stable
CAG,CAG_data.csv,42738,43098,-0.05442933896509959,0.1619762259438341,-0.222860841633137,4.798919086893919,0.2185542168674699,-0.336032887838572,250,1,Stable
CAH,CAH_data.csv,42738,43098,-0.1968022286810982,0.2431771063726597,-2.724814307999851,21.6512732609844,0.3436754176610979,-0.8092958733521002,250,0,Downtrend
CAT,CAT_data.csv,42738,43098,0.5208788311628125,0.202111584641734,0.912446236715847,9.161746883201635,0.07705514037568162,2.577184440397764,250,2,High-Alpha
CB,CB_data.csv,42738,43098,0.1047252532794097,0.1318578440750568,0.5488908965509522,6.859010918414278,0.1000200173483686,0.7942284663762402,250,2,High-Alpha
CBG,CBG_data.csv,42738,43098,0.3187056626778866,0.196868159796124,0.5544539130960122,7.604283632965588,0.1084271205050783,1.618878659748417,250,2,High-Alpha
CBOE,CBOE_data.csv,42738,43098,0.538707383668717,0.1379628822706342,0.4086052416794622,4.620667461169796,0.03669384729429204,3.904726943961378,250,2,High-Alpha
CBS,CBS_data.csv,42738,43098,-0.08812026482552741,0.2146881754937627,-0.03722810414534243,3.598792908170532,0.216515609264854,-0.4104570017554951,250,1,Stable
CCI,CCI_data.csv,42738,43098,0.2479817750036754,0.1562843113337807,0.2090184399984679,6.305315637800888,0.08179638509775,1.586734924877098,250,2,High-Alpha
CCL,CCL_data.csv,42738,43098,0.2432432405616951,0.1653653489593258,-0.4607348664583498,4.254707056510593,0.08606793321819228,1.470944439645119,250,2,High-Alpha
CDNS,CDNS_data.csv,42738,43098,0.5049984432603519,0.1981753091740548,2.385986446988996,28.9663157908196,0.08289473684210524,2.548240975957396,250,2,High-Alpha
CELG,CELG_data.csv,42738,43098,-0.1302073745073939,0.2923068246115251,-4.470055550170782,41.85596612126429,0.32998907998908,-0.4454476034914311,250,0,Downtrend
CERN,CERN_data.csv,42738,43098,0.3130305844823613,0.2137501814633959,-0.5093486270463042,13.97584277422249,0.1194780481174391,1.464469327414194,250,2,High-Alpha
CF,CF_data.csv,42738,43098,0.2910899187935897,0.3873395973479631,0.08104188991994574,5.384540009256312,0.3077340569877883,0.7515108725950671,250,1,Stable
CFG,CFG_data.csv,42738,43098,0.1588314129852245,0.2461021243612925,-0.4233247609154028,6.089978013375331,0.1896943672644609,0.6453882240855855,250,1,Stable
CHD,CHD_data.csv,42738,43098,0.1245182745824601,0.1481755362643281,0.2556572595651063,6.393041173480581,0.1947955390334573,0.8403429994026397,250,1,Stable
CHK,CHK_data.csv,42738,43098,-0.5626371183180927,0.4868450402358173,-0.1638234159601582,4.490951058129506,0.5111420612813371,-1.155680086718278,250,0,Downtrend
CHRW,CHRW_data.csv,42738,43098,0.2028545185880677,0.1859145149910021,-1.032221707927262,8.540571441162664,0.1963888201830324,1.091117165315927,250,1,Stable
CHTR,CHTR_data.csv,42738,43098,0.1630992522909288,0.2455815575882968,0.04838755117058367,8.896070961398847,0.2141863354037267,0.664134774176957,250,1,Stable
CI,CI_data.csv,42738,43098,0.4062797329540192,0.1572642270562082,-0.02794510850761608,2.993014496270969,0.05311688311688312,2.583421166778188,250,2,High-Alpha
CINF,CINF_data.csv,42738,43098,-0.01096535090343839,0.1715625397808569,-1.618277053306389,15.15099520358854,0.1285394932935916,-0.06391459882469001,250,1,Stable
CL,CL_data.csv,42738,43098,0.1419360182787363,0.155443418998121,0.5274604424895418,11.22781554347628,0.1039751391946135,0.913104068307015,250,2,High-Alpha
CLX,CLX_data.csv,42738,43098,0.2078939460336244,0.1390923420899777,-0.03872193348330495,5.114915707898883,0.112150194828197,1.494646958343253,250,2,High-Alpha
CMA,CMA_data.csv,42738,43098,0.2320367576166656,0.2264223897669354,-0.8361123050128586,7.036492179482122,0.1431609730160841,1.024795992372968,250,2,High-Alpha
CMCSA,CMCSA_data.csv,42738,43098,0.1496325340127638,0.1958572335496799,-0.5098470225329075,6.531056709046982,0.16289592760181,0.7639877848821397,250,1,Stable
CME,CME_data.csv,42738,43098,0.2462019334871575,0.153374717385995,0.06326774385148884,5.916075998197486,0.09354330708661418,1.605231538047735,250,2,High-Alpha
CMG,CMG_data.csv,42738,43098,-0.2618602716420774,0.31368099273836,-2.204756527784539,18.25406461256998,0.45841899463861,-0.8347980199759629,250,0,Downtrend
CMI,CMI_data.csv,42738,43098,0.2358442463385388,0.1798466125505003,-0.0812576482553908,7.419750006380528,0.1161075686165789,1.311363294498052,250,2,High-Alpha
CMS,CMS_data.csv,42738,43098,0.1311349917580651,0.1111726285799249,-0.3048898879810301,3.238389078049164,0.07398615232443118,1.179561852887096,250,2,High-Alpha
CNC,CNC_data.csv,42738,43098,0.552543351113979,0.2697601362447433,0.186493540509781,4.906797070299874,0.09817729908864958,2.04827651263001,250,2,High-Alpha
CNP,CNP_data.csv,42738,43098,0.1437809641993109,0.1296038933203071,-0.2414520129730494,3.105512194846613,0.08801313628899832,1.109387692883316,250,2,High-Alpha
COF,COF_data.csv,42738,43098,0.1146970071713618,0.2085099307769188,0.8607398832613572,8.131531392983307,0.1997503121098627,0.5500793499091139,250,1,Stable
COG,COG_data.csv,42738,43098,0.2490041475782308,0.2855655351411338,0.9631839430765358,7.889100402536189,0.1396558623449379,0.8719684868664789,250,2,High-Alpha
COL,COL_data.csv,42738,43098,0.3793004108483142,0.2788287684955953,2.752012312339506,51.78521251895313,0.1157629652947194,1.360334562659398,250,2,High-Alpha
COO,COO_data.csv,42738,43098,0.2200481164949518,0.2086504288452031,-0.1195612592673018,11.47944065342525,0.145233424872499,1.054625757123196,250,2,High-Alpha
COP,COP_data.csv,42738,43098,0.08183145331449561,0.3017815248193338,0.9893197758023403,23.35755283925509,0.1702459976571652,0.2711612427682088,250,1,Stable
COST,COST_data.csv,42738,43098,0.1541299910719768,0.1971420514458306,-1.601659317357002,12.32358727634748,0.1754453274869827,0.781821990496673,250,1,Stable
COTY,COTY_data.csv,42738,43098,0.06380552839474639,0.3314659629284285,0.578097996340472,14.10337336776709,0.3008763388510224,0.1924949633773515,250,1,Stable
CPB,CPB_data.csv,42738,43098,-0.2333164031077362,0.2341725889013746,-1.570403417885555,12.14040817946555,0.2930764411027569,-0.9963437830291955,250,1,Stable
CRM,CRM_data.csv,42738,43098,0.3740136139767035,0.1566605173660668,-0.5090112064860199,6.118171068488586,0.08226102941176472,2.387414648342762,250,2,High-Alpha
CSCO,CSCO_data.csv,42738,43098,0.2282238971672816,0.1593182390528071,-1.447483263229997,18.02485060247849,0.1181765389082461,1.432503262175997,250,2,High-Alpha
CSRA,CSRA_data.csv,42738,43098,-0.06900563284663261,0.210963758471482,-1.119882983418875,9.383587251735847,0.1821152703505644,-0.3270970964236057,250,1,Stable
CSX,CSX_data.csv,42738,43098,0.4304727319816696,0.320212863139987,4.089912287910906,47.78642191118793,0.1277405327052001,1.344333040716982,250,2,High-Alpha
CTAS,CTAS_data.csv,42738,43098,0.2947600209176925,0.1749185624423558,2.547574203080633,20.39173673627632,0.05851332803583031,1.685127163189615,250,2,High-Alpha
CTL,CTL_data.csv,42738,43098,-0.4219168797714443,0.3388338242503355,-0.1711825572857112,5.348386676365938,0.5012815818381545,-1.245202956655608,250,0,Downtrend
CTSH,CTSH_data.csv,42738,43098,0.2301939054562028,0.1605413208897989,-0.1256671444967753,7.061382675893411,0.1069638845688612,1.433860791604025,250,2,High-Alpha
CTXS,CTXS_data.csv,42738,43098,-0.02410758815483328,0.3292182625434461,-6.621860653087221,82.23590033297921,0.2559013996239816,-0.07322676442243804,250,0,Downtrend
CVS,CVS_data.csv,42738,43098,-0.1036279745654761,0.2192498491512949,-0.6867008839886114,5.949524031648466,0.2040038131553862,-0.4726478716706753,250,1,Stable
CVX,CVX_data.csv,42738,43098,0.06090331352054529,0.1441998595435994,-0.4853017619672043,5.080623817546881,0.125668222316504,0.4223534871206371,250,1,Stable
CXO,CXO_data.csv,42738,43098,0.09536163528047463,0.2582985760869127,-1.127526997587885,7.948868117434042,0.2520420877751627,0.3691914865546421,250,1,Stable
D,D_data.csv,42738,43098,0.06166158335834187,0.1386402368794188,-1.100141360920311,12.80149819980188,0.07136715391229587,0.4447596509227801,250,1,Stable
DAL,DAL_data.csv,42738,43098,0.124773408356548,0.2350012437867271,0.1231502085681207,4.905347208019336,0.1851117519826964,0.530947863704861,250,1,Stable
DE,DE_data.csv,42738,43098,0.4115143396856678,0.1718982702914084,0.3370592108376592,12.74203290214666,0.1281625254890114,2.393941131507916,250,2,High-Alpha
DFS,DFS_data.csv,42738,43098,0.05646006228656157,0.1780350320471987,-0.2467941195398266,4.226829833590532,0.2201785231268596,0.3171289472489521,250,1,Stable
DG,DG_data.csv,42738,43098,0.2278862652053621,0.2313824848508893,-0.1658595275722455,5.281156270766409,0.125079204156634,0.9848898690504584,250,2,High-Alpha
DGX,DGX_data.csv,42738,43098,0.0637933588472639,0.1552726699008126,-0.8942055443046825,22.81813032011245,0.1826196473551637,0.41084731065689,250,1,Stable
DHI,DHI_data.csv,42738,43098,0.6217664488702057,0.1836977391231012,0.7463919359621359,5.624354159887703,0.06216130060567415,3.384725646805821,250,2,High-Alpha
DHR,DHR_data.csv,42738,43098,0.1653150000804309,0.1308315353241223,0.519141350766708,11.39287850484092,0.0965132178669097,1.263571505683849,250,2,High-Alpha
DIS,DIS_data.csv,42738,43098,0.01349746278006057,0.1521931937457359,-0.2561184536081191,7.61720161117003,0.1632424033149171,0.08868637583498205,250,1,Stable
DISCA,DISCA_data.csv,42738,43098,-0.2243880721976857,0.2980632372326703,-0.7449071780703324,7.95801683045848,0.4503713706954761,-0.752820355441979,250,0,Downtrend
DISCK,DISCK_data.csv,42738,43098,-0.2589173374090584,0.3007371808962835,-0.9833286993934224,9.435453701338206,0.4716262975778547,-0.8609422241620076,250,0,Downtrend
DISH,DISH_data.csv,42738,43098,-0.224970918735851,0.2525884808829416,-0.6421277180458074,5.99702815927103,0.2976280404894999,-0.8906618304581767,250,1,Stable
DLR,DLR_data.csv,42738,43098,0.1376638222861103,0.2002964211801406,-1.153938372482965,9.063033282677514,0.1327356394795304,0.6873004593641723,250,1,Stable
DLTR,DLTR_data.csv,42738,43098,0.328697989276768,0.2197311830542188,0.1438662273742103,3.715212305102078,0.201371346084446,1.495909614229226,250,2,High-Alpha
DOV,DOV_data.csv,42738,43098,0.2810072764998664,0.1860356320120832,0.0896255881889169,6.177398743146119,0.07239278461354659,1.510502442250497,250,2,High-Alpha
DPS,DPS_data.csv,42738,43098,0.06653755951497779,0.1400411284284755,-1.823831081666488,13.96467203043893,0.1457322006472491,0.4751287015582792,250,1,Stable
DRE,DRE_data.csv,42738,43098,0.022097113746814,0.1496019045617842,-0.3089404427326072,4.23749691113351,0.1168258633357825,0.1477060991405234,250,1,Stable
DRI,DRI_data.csv,42738,43098,0.2893538569651083,0.2120833499035204,0.8675328022553864,14.035779702512,0.1687344913151365,1.364340279879299,250,2,High-Alpha
DTE,DTE_data.csv,42738,43098,0.1093187516864572,0.1124742602129579,-0.5656910485908572,3.702631286997597,0.06776446245365975,0.9719446163013107,250,2,High-Alpha
DUK,DUK_data.csv,42738,43098,0.07951525619407462,0.1053342992789591,0.1210416497307742,3.976998596106034,0.08222636952464601,0.7548847501561923,250,2,High-Alpha
DVA,DVA_data.csv,42738,43098,0.1051962906035084,0.3054851287997116,-0.9622118573410522,19.41011286955534,0.2311314024825225,0.3443581395167661,250,1,Stable
DVN,DVN_data.csv,42738,43098,-0.1295959407732944,0.3074568265085401,-0.2268694916806561,3.567888750675959,0.3972658641093654,-0.4215093944895535,250,1,Stable
EA,EA_data.csv,42738,43098,0.2851976497532121,0.2381133996227744,1.331888698817345,18.79487954047098,0.1733213085184881,1.197738767347952,250,2,High-Alpha
EBAY,EBAY_data.csv,42738,43098,0.2367497307216825,0.1898582443782598,-0.08577641586513167,4.8883965815104,0.1182354449858938,1.24698156509864,250,2,High-Alpha
ECL,ECL_data.csv,42738,43098,0.1291839011164821,0.1046429723631983,-0.3144492443911046,5.293512929341836,0.04457321149988858,1.234520562624181,250,2,High-Alpha
ED,ED_data.csv,42738,43098,0.1441543791112123,0.1118634873718699,-0.3615369928780082,3.102294414270634,0.06310284718187087,1.288663374421693,250,2,High-Alpha
EFX,EFX_data.csv,42738,43098,-0.007155007226170898,0.4134689231868762,-3.529714234393464,48.38589209856907,0.3640653854045551,-0.01730482467950085,250,0,Downtrend
EIX,EIX_data.csv,42738,43098,-0.1272608490368473,0.2149299271524091,-4.903888456612214,47.51230901117422,0.2347531461761858,-0.5921039043883604,250,0,Downtrend
EL,EL_data.csv,42738,43098,0.5019770329660772,0.1804575194684091,2.928760291710947,21.81772771797367,0.05251999614532143,2.781690862452275,250,2,High-Alpha
EMN,EMN_data.csv,42738,43098,0.200633186399194,0.1605432004114271,-0.2278077509930045,3.968228441603823,0.0540044085231447,1.2497146306105,250,2,High-Alpha
EMR,EMR_data.csv,42738,43098,0.2034982107216932,0.1693030970227085,0.1529313563302906,5.073200133975519,0.124072425051944,1.201975712791587,250,2,High-Alpha
EOG,EOG_data.csv,42738,43098,0.0416702511810998,0.2053755904517665,-0.4043278021574788,4.186333765593234,0.2116989002654531,0.2028977790858076,250,1,Stable
EQIX,EQIX_data.csv,42738,43098,0.2357062030743656,0.1701549674740218,-0.4994178328473372,7.712238205093554,0.1028439287597875,1.385244325061223,250,2,High-Alpha
EQR,EQR_data.csv,42738,43098,0.002215385507139742,0.1230795206522474,0.1830664593023544,3.751025196581926,0.09918999573681975,0.01799962735798395,250,1,Stable
EQT,EQT_data.csv,42738,43098,-0.1192760981287121,0.3723504019986948,0.4558688810894125,21.75358022271524,0.2282113574248406,-0.3203329377072358,250,1,Stable
ES,ES_data.csv,42738,43098,0.1382987304855918,0.1141246515708603,-0.3287917255962784,3.351052302240619,0.06083294337856804,1.211821710576893,250,2,High-Alpha
ESRX,ESRX_data.csv,42738,43098,0.07337200653854088,0.2400663963988713,-1.49328810849963,16.62246124279175,0.2234827774740294,0.3056321402710314,250,1,Stable
ESS,ESS_data.csv,42738,43098,0.05193005805987038,0.1407303542271095,-0.1662242845307133,4.053626002723196,0.1181187126470915,0.3690039604111711,250,1,Stable
ETFC,ETFC_data.csv,42738,43098,0.3445058826361372,0.2388232579298274,-1.395793237400164,11.70131491234604,0.1319571465900183,1.442513956230185,250,2,High-Alpha
ETN,ETN_data.csv,42738,43098,0.1434412437060039,0.1596881865529719,-0.5072923546017118,6.02565010220578,0.126163007071083,0.8982583295754405,250,2,High-Alpha
ETR,ETR_data.csv,42738,43098,0.1104921517980814,0.134800114350373,-0.111091655248603,4.532113777414585,0.08602150537634401,0.8196740212763456,250,2,High-Alpha
EVHC,EVHC_data.csv,42738,43098,-0.6101891214251409,0.5379299001553846,-7.241143486630016,92.24102674041858,0.6579746136865343,-1.134328322796119,250,0,Downtrend
EW,EW_data.csv,42738,43098,0.1668063585985726,0.24266144196398,-0.645238581291535,20.60909167248859,0.1562213899292552,0.6874036404322235,250,1,Stable
EXC,EXC_data.csv,42738,43098,0.1141637009924046,0.1557707487456984,-0.08221285107399763,7.610080269884544,0.09897794513179126,0.7328956297101781,250,2,High-Alpha
EXPD,EXPD_data.csv,42738,43098,0.1990091394224642,0.1711221197238845,0.9269406414327701,15.71193464889223,0.08813263525305404,1.162965604584475,250,2,High-Alpha
EXPE,EXPE_data.csv,42738,43098,0.06365871884845152,0.2657368454346557,-4.697865129589276,48.46914362845563,0.2644514106583072,0.2395554848418832,250,0,Downtrend
EXR,EXR_data.csv,42738,43098,0.127625540816073,0.1956178061716146,-0.3580577670929835,4.469139364311915,0.1115099009900989,0.6524229226050502,250,1,Stable
F,F_data.csv,42738,43098,-0.008038320110120959,0.1768248907784341,-0.2056107849578848,5.862067828476881,0.1981776765375853,-0.0454592115099518,250,1,Stable
FAST,FAST_data.csv,42738,43098,0.1538184530780431,0.2321250696888443,-0.7899126909741274,8.838346126198676,0.2345844504021448,0.662653341512106,250,1,Stable
FB,FB_data.csv,42738,43098,0.4154145253450082,0.1700600439480103,-0.5499586022678224,5.880285811683614,0.06315904496530622,2.442752075684552,250,2,High-Alpha
FBHS,FBHS_data.csv,42738,43098,0.2409246172152156,0.143050709606452,0.07530572939573014,3.199187825410305,0.07964338781575042,1.684190297818342,250,2,High-Alpha
FCX,FCX_data.csv,42738,43098,0.3216661370912957,0.3951124855516155,0.700247275903437,6.518738634542411,0.3413631022326674,0.8141128130694691,250,1,Stable
FDX,FDX_data.csv,42738,43098,0.2870524736255353,0.1706269042441465,-0.07891604531041367,4.650722466715528,0.07080251985757324,1.682340044186689,250,2,High-Alpha
FE,FE_data.csv,42738,43098,-0.01080536577227602,0.1618710071212259,0.134593288499475,4.150970192779069,0.1349500713266761,-0.0667529409030231,250,1,Stable
FFIV,FFIV_data.csv,42738,43098,-0.09926600144316536,0.2248010866246731,-2.180444748684446,13.93402633890803,0.2233349015390819,-0.441572605068851,250,1,Stable
FIS,FIS_data.csv,42738,43098,0.2023117721483776,0.1251251586545147,-0.6004505738656185,7.289261869664595,0.06365141792589535,1.616875249740816,250,2,High-Alpha
FISV,FISV_data.csv,42738,43098,0.2017893334410038,0.1219186487261601,-1.038540616382865,7.856177836059641,0.06892550475748438,1.65511458295638,250,2,High-Alpha
FITB,FITB_data.csv,42738,43098,0.1156982083769204,0.2125641660749323,-0.2355303146510773,4.779948317543568,0.1784347826086956,0.54429780199234,250,1,Stable
FL,FL_data.csv,42738,43098,-0.4287204682685415,0.5468911327772432,-2.334504276980442,46.67857404651571,0.621978021978022,-0.7839228734453912,250,0,Downtrend
FLIR,FLIR_data.csv,42738,43098,0.2580619254725365,0.1980679109605647,1.060097623794098,12.88344946988855,0.1242937853107344,1.30289618455115,250,2,High-Alpha
FLR,FLR_data.csv,42738,43098,-0.02657853634805885,0.3935273366474697,0.1373958185007415,58.76019820917449,0.3599793708096958,-0.06753923774263357,250,0,Downtrend
FLS,FLS_data.csv,42738,43098,-0.1524743971939754,0.2743786785337273,-2.473070634002094,17.48405939816408,0.2752169720347156,-0.5557078924965841,250,1,Stable
FMC,FMC_data.csv,42738,43098,0.5107677919441296,0.2476016713744057,1.929262798663008,19.8624168445564,0.0856180856180856,2.062860840594984,250,2,High-Alpha
FOX,FOX_data.csv,42738,43098,0.1992606461478603,0.244371073772741,0.9206394223901444,7.887737688161736,0.2322438717787555,0.8154019339177915,250,1,Stable
FOXA,FOXA_data.csv,42738,43098,0.1857086453596531,0.2502456793570226,1.088080166642408,9.287080558644305,0.2302712700369913,0.7421053016252273,250,1,Stable
FRT,FRT_data.csv,42738,43098,-0.07733213989538666,0.1706864844731145,0.1090595114824814,4.656267240790594,0.1704866129809347,-0.4530653972638796,250,1,Stable
FTI,FTI_data.csv,42738,43098,-0.1515593280960393,0.2710194118125431,-0.2434227662627122,4.652798884727932,0.3204465014974135,-0.5592194562095386,250,1,Stable
FTV,FTV_data.csv,42738,43098,0.2999242999234571,0.1546034263814979,0.5144303622549459,9.406743029759834,0.04633576240890969,1.939958944916052,250,2,High-Alpha
GD,GD_data.csv,42738,43098,0.1492507017978209,0.1398778914556102,-0.2975746193306332,6.968220409987994,0.08267090620031803,1.067007089145215,250,2,High-Alpha
GE,GE_data.csv,42738,43098,-0.6014348172548251,0.2007289470169785,-1.699929415703744,10.71216811025547,0.4523659305993691,-2.996253535888639,250,0,Downtrend
GGP,GGP_data.csv,42738,43098,-0.08190886335922093,0.2955468279472875,2.445127140688115,22.41126818970178,0.2688461538461537,-0.2771434358748383,250,1,Stable
GILD,GILD_data.csv,42738,43098,-0.03484791481760999,0.2101870962929451,-0.4667472291959893,13.83179497845567,0.1675441675441675,-0.165794739221485,250,1,Stable
GIS,GIS_data.csv,42738,43098,-0.04651344195878421,0.1787467147614549,-0.7799394756425567,6.487399372022683,0.2071530305428073,-0.2602198424785506,250,1,Stable
GLW,GLW_data.csv,42738,43098,0.2771465796438424,0.1829907910084215,0.2177203405992013,9.81114166019139,0.1325863678804856,1.514538398990186,250,2,High-Alpha
GM,GM_data.csv,42738,43098,0.1549331443896484,0.2097759091138644,0.2714805023642651,5.096972410774973,0.1530825496342737,0.7385650003573676,250,1,Stable
GOOG,GOOG_data.csv,42738,43098,0.2882638957830291,0.153763894237339,-0.06255647588440184,6.214631238902609,0.08638988288874416,1.874717710635537,250,2,High-Alpha
GOOGL,GOOGL_data.csv,42738,43098,0.2673255033460896,0.1519239711386682,-0.1014148796518253,5.651325868504179,0.08445851754490774,1.759600551134152,250,2,High-Alpha
GPC,GPC_data.csv,42738,43098,-0.006556464575935105,0.1986982353888492,-1.493564207662498,14.64850253569598,0.2005562729710937,-0.03299709513325175,250,1,Stable
GPN,GPN_data.csv,42738,43098,0.354770237575744,0.1954043172812849,0.7022927755530509,9.251612943321438,0.07969694063489019,1.815570108745609,250,2,High-Alpha
GPS,GPS_data.csv,42738,43098,0.3749504777168436,0.3145034633001416,0.251989015517866,4.69601734768438,0.2068836513280958,1.192198247302019,250,2,High-Alpha
GRMN,GRMN_data.csv,42738,43098,0.1929934347600128,0.1873121984971847,1.101196225293022,9.536610848105134,0.1008310249307479,1.030330305812483,250,2,High-Alpha
GS,GS_data.csv,42738,43098,0.0535879404526429,0.1979421725015439,-0.5013029206551561,5.615995856503472,0.1646170271659615,0.2707252313916324,250,1,Stable
GT,GT_data.csv,42738,43098,0.03556148321042917,0.2326509201789938,-0.4452004148856446,11.03119614335964,0.2120390455531455,0.1528533959077804,250,1,Stable
GWW,GWW_data.csv,42738,43098,0.007709406604964626,0.2845462220872506,-0.3758405283557992,18.6063556623732,0.3947551905794856,0.02709368814814447,250,1,Stable
HAL,HAL_data.csv,42738,43098,-0.1315009631820521,0.2573258766918802,0.2356611155965939,9.014777955624357,0.3358529462291703,-0.5110289135029752,250,1,Stable
HAS,HAS_data.csv,42738,43098,0.1311674915123129,0.271296221622822,0.6081880901382674,24.18525350376655,0.2351013367830962,0.4834844021332246,250,1,Stable
HBAN,HBAN_data.csv,42738,43098,0.08972346867754775,0.223134596111263,-0.393702922861091,6.2522449830614,0.1691678035470668,0.4021046948399179,250,1,Stable
HBI,HBI_data.csv,42738,43098,-0.0567047005193009,0.324804076360658,-3.04297785256428,26.7695275783923,0.2567199065056487,-0.1745812464999263,250,0,Downtrend
HCA,HCA_data.csv,42738,43098,0.166576948591183,0.2043106476429884,0.4669723849999524,5.383761704195545,0.1797988728036247,0.8153121264744795,250,1,Stable
HCN,HCN_data.csv,42738,43098,-0.03723988231836305,0.1480713168735002,-0.7390705621973328,4.935522410892329,0.1852948750965747,-0.2514996361528796,250,1,Stable
HCP,HCP_data.csv,42738,43098,-0.1337296365189895,0.1796797328155292,-0.8352439259597131,6.01378187996867,0.2449835280023959,-0.7442666706115649,250,1,Stable
HD,HD_data.csv,42738,43098,0.3471519365165601,0.1322861862596325,-0.7355805303859637,5.82560511569833,0.0896039292236005,2.62424933647433,250,2,High-Alpha
HES,HES_data.csv,42738,43098,-0.2824169660396522,0.3111110813185412,0.1405005239008482,3.050157095597462,0.3936644380770454,-0.9077689063427811,250,1,Stable
HIG,HIG_data.csv,42738,43098,0.1656750466420019,0.1426744367472026,-0.4249144600757402,6.497207072383032,0.09100510473508183,1.161210448200702,250,2,High-Alpha
HII,HII_data.csv,42738,43098,0.2223126658419811,0.1947078655308954,0.1023078572431948,12.4420811284461,0.1560577755501891,1.141775475971748,250,2,High-Alpha
HOG,HOG_data.csv,42738,43098,-0.1482264587439037,0.2212871817485405,-0.2880219507761649,4.792896162044437,0.28852875754687,-0.6698375277441089,250,1,Stable
HOLX,HOLX_data.csv,42738,43098,0.06324872902991836,0.2016919340470896,-1.406370573041156,13.89425059181643,0.2277909227790923,0.3135907706410883,250,1,Stable
HON,HON_data.csv,42738,43098,0.2798685652623851,0.1055890066706366,0.5924393315348423,4.813845591594861,0.03732809430255402,2.650546435533561,250,2,High-Alpha
HP,HP_data.csv,42738,43098,-0.1991524142745495,0.3206278396692586,-0.1610675852222673,4.020311886659774,0.4779928492171125,-0.6211326330239564,250,0,Downtrend
HPE,HPE_data.csv,42738,43098,-0.4835433607726047,0.4721246383707518,-5.87666156539674,56.2216870988771,0.4713478611783697,-1.024185821865297,250,0,Downtrend
HPQ,HPQ_data.csv,42738,43098,0.3497746388050649,0.2021404398355377,1.030246410058109,11.91096256615754,0.1171032357473034,1.730354594506883,250,2,High-Alpha
HRB,HRB_data.csv,42738,43098,0.1360285737251104,0.3166324879201038,1.364707877757261,15.2523449474451,0.242780069819105,0.4296102861037892,250,1,Stable
HRL,HRL_data.csv,42738,43098,0.03093992892838515,0.1907918221154888,-1.142989649059875,9.376950629473635,0.2038552944283073,0.1621659072455254,250,1,Stable
HRS,HRS_data.csv,42738,43098,0.3239232054255519,0.1352533215360027,-0.08095754823243936,3.986098278165286,0.05393238591226057,2.394937157527238,250,2,High-Alpha
HSIC,HSIC_data.csv,42738,43098,-0.1103563669531621,0.2203706727407,-2.504318866444533,16.9596855294494,0.2871308356112987,-0.5007761041008092,250,1,Stable
HST,HST_data.csv,42738,43098,0.0372417934704863,0.2025640639542994,-0.7025043875439956,6.656251526021968,0.1013443640124095,0.183851926859487,250,1,Stable
HSY,HSY_data.csv,42738,43098,0.08897572293614436,0.1306728357708714,-1.11295408904554,10.26218305649955,0.1128837530182821,0.6809045078975641,250,1,Stable
HUM,HUM_data.csv,42738,43098,0.2292348976661238,0.1926824496828787,0.211970488120719,6.772415660519081,0.09920067961539958,1.18970304790812,250,2,High-Alpha
IBM,IBM_data.csv,42738,43098,-0.08663924477215088,0.1570027534447174,1.729069516351955,27.29531678864808,0.2322066501786205,-0.5518326454233659,250,1,Stable
ICE,ICE_data.csv,42738,43098,0.2290083729899099,0.1980871794834685,-0.7155058196319954,15.38082745201321,0.08203179963416352,1.156098913554483,250,2,High-Alpha
IDXX,IDXX_data.csv,42738,43098,0.287279906489694,0.242870467987254,1.271091955566035,20.98507694130259,0.1410957310689775,1.182852361056803,250,2,High-Alpha
IFF,IFF_data.csv,42738,43098,0.2663738540292989,0.1574576947086208,-0.6999569402260316,10.30740934376653,0.0769340871681099,1.6917169689435,250,2,High-Alpha
ILMN,ILMN_data.csv,42738,43098,0.514635457749436,0.2948716607349793,3.694180658834453,30.53613456247684,0.1051098755626158,1.745286259339696,250,2,High-Alpha
INCY,INCY_data.csv,42738,43098,-0.07790385056083904,0.3794036696409877,0.2276788073617117,6.763185397849947,0.3871348093803223,-0.2053323591586657,250,1,Stable
INFO,INFO_data.csv,42738,43098,0.2305256047204262,0.1593498842047297,-2.773470045550338,29.39328821264561,0.1234771835639066,1.446663145510989,250,2,High-Alpha
INTC,INTC_data.csv,42738,43098,0.2339219048468636,0.1703949182978304,1.105336814014501,10.54431744757987,0.1190100052659293,1.372822072299101,250,2,High-Alpha
INTU,INTU_data.csv,42738,43098,0.3209933751960983,0.1755486891743973,2.406978952705171,20.024151458623,0.0967893133348956,1.828514793848504,250,2,High-Alpha
IP,IP_data.csv,42738,43098,0.08243880606774215,0.186511985509268,-0.6995069895790351,5.878137354140162,0.1439903431626143,0.4420027262196813,250,1,Stable
IPG,IPG_data.csv,42738,43098,-0.1549552227036017,0.2593562495403312,-2.792642817417653,25.70825446816762,0.2784513101290575,-0.5974609170908194,250,0,Downtrend
IQV,IQV_data.csv,42738,43098,0.2429790371221456,0.1776241550613455,-0.410098091672581,6.69285226999963,0.09819454679439943,1.367939158039787,250,2,High-Alpha
IR,IR_data.csv,42738,43098,0.1622447189525988,0.1754441550121026,-0.2807025299291227,5.540434716220841,0.128124673151344,0.9247655981551889,250,2,High-Alpha
IRM,IRM_data.csv,42738,43098,0.1319696296059471,0.1903731529367601,-1.108758626724157,8.808346105481169,0.1166799257491381,0.693215548359311,250,1,Stable
ISRG,ISRG_data.csv,42738,43098,0.5383577129472299,0.1908768072444491,-0.3617871673506629,11.1592111407327,0.1068615308397325,2.820445923834919,250,2,High-Alpha
IT,IT_data.csv,42738,43098,0.2113109908500355,0.1995730099964004,-3.196238159693956,33.84876433857891,0.1103251792906965,1.058815472361953,250,1,Stable
ITW,ITW_data.csv,42738,43098,0.3112914906186695,0.135597053927008,-0.3821020424091586,5.951136964873902,0.09708349980023978,2.295709837370346,250,2,High-Alpha
IVZ,IVZ_data.csv,42738,43098,0.1680144119669045,0.1982402297118884,-0.4263681948155925,5.872007823067128,0.132493840678894,0.8475293446294303,250,2,High-Alpha
JBHT,JBHT_data.csv,42738,43098,0.173800540672713,0.1951035037438417,-0.2424031083798305,3.860749688729698,0.1733966745843232,0.8908119912643999,250,1,Stable
JCI,JCI_data.csv,42738,43098,-0.1082379758830934,0.1985757454702644,-1.367713852520623,10.11572547596352,0.1934537246049661,-0.5450714820521797,250,1,Stable
JEC,JEC_data.csv,42738,43098,0.127030799676539,0.2169672847182623,1.078487316197979,10.21308064339466,0.1986423145304671,0.5854836587068496,250,1,Stable
JNJ,JNJ_data.csv,42738,43098,0.1889299352316338,0.1130069041684769,0.2662252864329175,6.39504719500651,0.05885545905707201,1.671844181749876,250,2,High-Alpha
JNPR,JNPR_data.csv,42738,43098,-0.00353065159561233,0.2307523781088121,-0.8886752502094477,8.50071774824433,0.2101003561022985,-0.01530060762341283,250,1,Stable
JPM,JPM_data.csv,42738,43098,0.2053493780440619,0.1613572136422116,0.04455601365152324,5.122237207985504,0.1223290598290597,1.272638349466031,250,2,High-Alpha
JWN,JWN_data.csv,42738,43098,-0.005093063466702228,0.3587127361768261,-0.3412051706520831,7.406401353547256,0.2341531693661268,-0.01419816737198765,250,1,Stable
K,K_data.csv,42738,43098,-0.07691200116559423,0.185606976079964,0.6794176652327184,6.940074368310965,0.2298534798534798,-0.4143809828163929,250,1,Stable
KEY,KEY_data.csv,42738,43098,0.1002793446136912,0.2235542585212716,-0.5292439271760587,5.529526979188057,0.1497160557563243,0.4485682593433998,250,1,Stable
KHC,KHC_data.csv,42738,43098,-0.1193012670448981,0.1664196475898528,3.275433721296098,39.02728737885974,0.2212105535437145,-0.716870085790113,250,1,Stable
KIM,KIM_data.csv,42738,43098,-0.337973228787985,0.2548988472687005,-0.099614524969487,4.532050834418025,0.3364019946298427,-1.325911169899141,250,1,Stable
KLAC,KLAC_data.csv,42738,43098,0.2822425097119113,0.2537890979568176,-0.9132942859380264,6.265825788540003,0.1908565133572019,1.112114397285636,250,1,Stable
KMB,KMB_data.csv,42738,43098,0.05229299355868094,0.1430016486616122,0.4456536374444448,5.551851529225402,0.1861481481481481,0.3656810536668912,250,1,Stable
KMI,KMI_data.csv,42738,43098,-0.1803342904419738,0.1780128499401708,0.1252909359961875,4.222269706736454,0.2693984306887532,-1.013040859143501,250,1,Stable
KMX,KMX_data.csv,42738,43098,-0.01078753994905049,0.233553088884882,0.6488685320104498,6.52109470382857,0.1928571428571428,-0.04618881300417162,250,1,Stable
KO,KO_data.csv,42738,43098,0.09387801635230157,0.09126503274026702,-0.5456688027525686,4.426600567492473,0.04757840836355876,1.028630720151834,250,2,High-Alpha
KORS,KORS_data.csv,42738,43098,0.382316163467783,0.3557632402474035,2.481833057632875,32.52856700559912,0.2412764003673096,1.074636500392548,250,2,High-Alpha
KR,KR_data.csv,42738,43098,-0.2073707648995406,0.345657745543179,-4.103107818074365,37.57155472150916,0.4288169578917215,-0.5999309073015874,250,0,Downtrend
KSS,KSS_data.csv,42738,43098,0.08630593162483131,0.3936821224707972,-2.521524103493336,23.34245281821925,0.3191981495759445,0.2192274596650839,250,0,Downtrend
KSU,KSU_data.csv,42738,43098,0.265939568145551,0.202210074673128,0.142116173923714,5.340866622623905,0.0945837423039172,1.31516477888375,250,2,High-Alpha
L,L_data.csv,42738,43098,0.05869476437187343,0.1126007402432341,0.2640340007953492,4.833160555572414,0.08274039438910352,0.5212644627831409,250,2,High-Alpha
LB,LB_data.csv,42738,43098,-0.1012029067660374,0.429167216304196,-1.53416247844259,13.44301398786225,0.4645084645084645,-0.2358122962829115,250,0,Downtrend
LEG,LEG_data.csv,42738,43098,-0.03364465594057968,0.1796837034443896,-1.402076459828401,9.629715864320582,0.195040710584752,-0.1872437805746384,250,1,Stable
LEN,LEN_data.csv,42738,43098,0.4106616871879767,0.2013130587188872,0.5098859850765719,5.068879620286218,0.08663089816063707,2.039915789871452,250,2,High-Alpha
LH,LH_data.csv,42738,43098,0.2134457371239563,0.1805724261766133,-0.8932065079405447,11.95544797797844,0.09734675205855436,1.182050558013716,250,2,High-Alpha
LKQ,LKQ_data.csv,42738,43098,0.272700531390514,0.1656031545702634,-0.2434202030180018,4.907522511092741,0.1546142208774582,1.64671097056192,250,2,High-Alpha
LLL,LLL_data.csv,42738,43098,0.2638163505275767,0.1481188869285219,0.3815138372878294,3.258388317916369,0.07617569276762104,1.781112159281127,250,2,High-Alpha
LLY,LLY_data.csv,42738,43098,0.1251306426344519,0.1500034852656723,-0.5534367777827028,5.561734570077192,0.1074782608695651,0.834184901856328,250,2,High-Alpha
LMT,LMT_data.csv,42738,43098,0.2388787018459606,0.1112227647246612,-0.3242827625693475,3.766441367475061,0.04530593180756637,2.147750080096636,250,2,High-Alpha
LNC,LNC_data.csv,42738,43098,0.1398773885708452,0.2032477150612764,-0.65011836707955,4.985858755300216,0.134783798576902,0.6882113706846548,250,1,Stable
LNT,LNT_data.csv,42738,43098,0.1172773847055014,0.1231373025624035,-0.2395409763804359,3.25447797342339,0.06617972554227536,0.9524115135303342,250,2,High-Alpha
LOW,LOW_data.csv,42738,43098,0.2721385498111847,0.214713208818758,0.3907080626788121,12.33992163253647,0.1568673018824076,1.267451365979538,250,2,High-Alpha
LRCX,LRCX_data.csv,42738,43098,0.5443808091017681,0.2714707337677784,-0.5983373798258169,6.705488253109019,0.1753231921794345,2.005302013761242,250,2,High-Alpha
LUK,LUK_data.csv,42738,43098,0.1293404542540202,0.1906663570848506,-0.2790511114515191,4.009172030570183,0.18125,0.6783601272481486,250,1,Stable
LUV,LUV_data.csv,42738,43098,0.2718208754846944,0.2401693817624968,0.6548851665940209,7.21329056142118,0.2106164383561643,1.131788213343105,250,2,High-Alpha
LYB,LYB_data.csv,42738,43098,0.2407682363178162,0.2015369868615289,0.5872643766753562,6.698599665001384,0.1812616725461714,1.194660295696701,250,2,High-Alpha
M,M_data.csv,42738,43098,-0.3381345092045365,0.4447470230522615,-1.70799555687061,14.28686963330257,0.5108816964285714,-0.7602850422335549,250,0,Downtrend
MA,MA_data.csv,42738,43098,0.3648892971605812,0.1407818835602691,-0.8612863274197122,7.495019108058987,0.06978403268694466,2.591876795030741,250,2,High-Alpha
MAA,MAA_data.csv,42738,43098,0.0330120467376031,0.1440218841084586,-0.7286442973640668,7.76635674816378,0.1046954314720812,0.2292154900066624,250,1,Stable
MAC,MAC_data.csv,42738,43098,-0.07822451153076945,0.2513801983260172,0.560109566511605,6.531850798672333,0.2747282982528546,-0.3111800851923881,250,1,Stable
MAR,MAR_data.csv,42738,43098,0.5018522795689899,0.1674886200360333,0.6163329523005651,7.330826035332437,0.1110303470834091,2.996336583709521,250,2,High-Alpha
MAS,MAS_data.csv,42738,43098,0.3124067900981496,0.168914071999215,0.3935723409260253,4.625796441222016,0.07256004087889634,1.849501266535102,250,2,High-Alpha
MAT,MAT_data.csv,42738,43098,-0.621063195446006,0.4679176649291117,-0.6158259333702883,18.93393310276901,0.5868187579214195,-1.327291619862429,250,0,Downtrend
MCD,MCD_data.csv,42738,43098,0.366782831204818,0.1284585088902618,1.286034757033079,14.03278089912784,0.05064074784869688,2.855263029077736,250,2,High-Alpha
MCHP,MCHP_data.csv,42738,43098,0.3219911503581604,0.2155378103570548,-0.5035081929452182,5.000271734329709,0.1272162099930924,1.4938963601085,250,2,High-Alpha
MCK,MCK_data.csv,42738,43098,0.05663141184162089,0.2578781017325185,-0.6854319967565057,9.271535933325907,0.1968831786818939,0.2196053540845483,250,1,Stable
MCO,MCO_data.csv,42738,43098,0.4392476913272737,0.1342796045569075,0.2805506603262192,4.950190457976626,0.05425772418990205,3.271142276421592,250,2,High-Alpha
MDLZ,MDLZ_data.csv,42738,43098,-0.04715976980439134,0.1659744933626328,0.4211308835674852,10.45979243801177,0.1671964399237127,-0.2841386579885701,250,1,Stable
MDT,MDT_data.csv,42738,43098,0.1352596740511065,0.151776063419943,0.2118741433387038,6.826366993977247,0.1385218365061589,0.8911792215671187,250,2,High-Alpha
MET,MET_data.csv,42738,43098,-0.07156304580909194,0.212121474574898,-2.105941628905605,18.27264243885523,0.1689513975431726,-0.3373682271090556,250,1,Stable
MGM,MGM_data.csv,42738,43098,0.1255407417275028,0.2522438913949628,-1.129324035172106,8.770207353985683,0.1463578382007384,0.4976958650345724,250,1,Stable
MHK,MHK_data.csv,42738,43098,0.3155132474657675,0.1390574420877241,0.3843857574000046,6.024354735953979,0.05668296815433782,2.268941832445952,250,2,High-Alpha
MKC,MKC_data.csv,42738,43098,0.0858478629168071,0.1716201192845297,-0.4865581337966786,7.913357376827172,0.1307590634441088,0.500220272976734,250,1,Stable
MLM,MLM_data.csv,42738,43098,-0.0103892721581598,0.2609142715402139,0.2116824877791111,4.570267453387605,0.1919834710743802,-0.03981871937027611,250,1,Stable
MMC,MMC_data.csv,42738,43098,0.1831115710602671,0.127916304046248,-0.1781429941966739,7.914782740260936,0.06141677329300921,1.431495167293634,250,2,High-Alpha
MMM,MMM_data.csv,42738,43098,0.2813270890047179,0.1316801204020136,0.3209907286424538,17.25804337805781,0.06716347956505442,2.13644313314598,250,2,High-Alpha
MNST,MNST_data.csv,42738,43098,0.3317693683768315,0.2020312275946885,3.238793575503794,32.20371273422624,0.1028361117124919,1.642168749488675,250,2,High-Alpha
MO,MO_data.csv,42738,43098,0.05482133392596316,0.1676063609483575,-3.202175592744801,33.91782251721387,0.2121992021618839,0.327083850611461,250,1,Stable
MON,MON_data.csv,42738,43098,0.1042105089945903,0.0781263310950472,0.9679576602082016,8.115176288393853,0.06061101127266788,1.333871788601073,250,2,High-Alpha
MOS,MOS_data.csv,42738,43098,-0.1415971232608868,0.2911644836409393,-0.07381961293521112,5.288210631994616,0.4300411522633745,-0.4863131707900981,250,1,Stable
MPC,MPC_data.csv,42738,43098,0.2221444309699823,0.3485473907669236,-0.3475037927743454,54.09631618517906,0.1820849420849421,0.6373435488390501,250,0,Downtrend
MRK,MRK_data.csv,42738,43098,-0.06721334824730403,0.2741128578950006,0.3627660540448537,57.07886611436613,0.1874436767798137,-0.2452031939087302,250,0,Downtrend
MRO,MRO_data.csv,42738,43098,-0.04824443375033248,0.5394040023558041,0.1107977023003542,44.8416653220468,0.4075907590759076,-0.08944025913717502,250,0,Downtrend
MS,MS_data.csv,42738,43098,0.19946238159948,0.2089801738245077,-0.1669936042895468,5.331460488034142,0.1311125346999786,0.9544560038837929,250,2,High-Alpha
MSFT,MSFT_data.csv,42738,43098,0.3150386714744885,0.1474144989836951,0.7238962476892908,10.94528424622846,0.05998345284059559,2.137094204752095,250,2,High-Alpha
MSI,MSI_data.csv,42738,43098,0.07815710461688723,0.1686956953567961,-0.1354496587209202,6.992475134600958,0.09966381086650034,0.4633023056787714,250,1,Stable
MTB,MTB_data.csv,42738,43098,0.08771282718487002,0.1751306124633842,-0.2135498403149421,4.498307862394108,0.1726961268219035,0.5008423481828955,250,1,Stable
MTD,MTD_data.csv,42738,43098,0.3861755155184456,0.1663553254634911,0.6519845292140255,9.878246578520237,0.1194439204190914,2.321389558419618,250,2,High-Alpha
MU,MU_data.csv,42738,43098,0.6055656316398068,0.3542729767014011,-0.2926625942453542,4.859512593881254,0.1968599033816425,1.709319286156584,250,2,High-Alpha
MYL,MYL_data.csv,42738,43098,0.07927443817226874,0.3196138056825198,1.422695764450986,15.30008700140171,0.3456272084805654,0.2480319584536782,250,1,Stable
NAVI,NAVI_data.csv,42738,43098,-0.22311084530958,0.3436269757015233,-1.508536296712103,12.82968347956601,0.310385756676558,-0.649282102646608,250,0,Downtrend
NBL,NBL_data.csv,42738,43098,-0.2789404166401699,0.3144218352579204,-0.3816805656483339,8.160344909628504,0.4287841191066997,-0.8871534523400859,250,0,Downtrend
NCLH,NCLH_data.csv,42738,43098,0.2204429211540935,0.2513339926504349,0.1165122566274978,4.828288503766749,0.1382215847974184,0.8770915498911206,250,2,High-Alpha
NDAQ,NDAQ_data.csv,42738,43098,0.1428236520449273,0.1317205210996865,-0.4834687581236319,8.527292990426366,0.07550568024383486,1.084293099150723,250,2,High-Alpha
NEE,NEE_data.csv,42738,43098,0.2764998789341618,0.122854211633655,0.2323471496908283,5.655614520301419,0.05094094743672939,2.250634107348882,250,2,High-Alpha
NEM,NEM_data.csv,42738,43098,0.08079499584948166,0.2453359299415674,0.2235197460212858,5.238031830174087,0.1594623089088033,0.3293239431693715,250,1,Stable
NFLX,NFLX_data.csv,42738,43098,0.4125230795347338,0.274945199136338,1.291364440638489,14.20098020717424,0.1223291728368946,1.500382915688499,250,2,High-Alpha
NFX,NFX_data.csv,42738,43098,-0.2928566901215458,0.4015442982296371,-0.2915630207965551,5.301636939350739,0.4387451339592398,-0.7293259832419922,250,0,Downtrend
NI,NI_data.csv,42738,43098,0.1468467080020524,0.1421443692733757,-0.2837525327286277,3.622364614556413,0.1058738216098621,1.033081428077063,250,2,High-Alpha
NKE,NKE_data.csv,42738,43098,0.1865880653611712,0.2164647150111685,1.004584506393317,18.56756419261486,0.1548054539408048,0.8619791237178965,250,2,High-Alpha
NLSN,NLSN_data.csv,42738,43098,-0.1507049106554925,0.214535840922706,-0.3283829953983014,5.030749706224245,0.216043956043956,-0.7024696200286141,250,1,Stable
NOC,NOC_data.csv,42738,43098,0.2695767233510264,0.1230684290366578,0.40012181090715,5.478692745424112,0.05136765888978267,2.19046204994401,250,2,High-Alpha
NOV,NOV_data.csv,42738,43098,-0.04888727238027127,0.2704155387818756,0.08780622722800098,3.837042175492422,0.2827024436990896,-0.180785736649938,250,1,Stable
NRG,NRG_data.csv,42738,43098,0.8463196467587258,0.3943654943488129,4.343617644336999,45.04997153475783,0.2275132275132274,2.146028643190987,250,2,High-Alpha
NSC,NSC_data.csv,42738,43098,0.3057349449935309,0.2627695722635228,0.3879730563111931,24.08312284561751,0.1203729473977178,1.163509695433532,250,2,High-Alpha
NTAP,NTAP_data.csv,42738,43098,0.445164976202882,0.2521980148449193,2.978585013716342,31.76406282647839,0.1533660276415516,1.765140683112122,250,2,High-Alpha
NTRS,NTRS_data.csv,42738,43098,0.1091340750642216,0.1896832104403145,-2.159486852372914,16.2489500722109,0.1259850474843403,0.5753491561582439,250,1,Stable
NUE,NUE_data.csv,42738,43098,0.06499141513282773,0.2604842271787096,-0.5116001690771758,5.670199504175411,0.1736711990111249,0.2495023051366534,250,1,Stable
NVDA,NVDA_data.csv,42738,43098,0.6453283180936115,0.3970805403093968,0.5903060340679931,10.81042825428595,0.1984386804331403,1.625182431732326,250,2,High-Alpha
NWL,NWL_data.csv,42738,43098,-0.377119961534276,0.6377819518445476,-2.229183011575127,60.75059162515296,0.4900638103919781,-0.5912992056981174,250,0,Downtrend
NWS,NWS_data.csv,42738,43098,0.3229007397092395,0.19839247212485,0.6171024556299256,6.310296544116387,0.1043771043771043,1.627585645013967,250,2,High-Alpha
NWSA,NWSA_data.csv,42738,43098,0.3295097167457158,0.195358420213383,0.8308679187374137,7.73689998345011,0.09909909909909909,1.686693188785025,250,2,High-Alpha
O,O_data.csv,42738,43098,-0.00827460763988034,0.1661591558315001,-0.393031191888519,3.770707803637225,0.1579363823389777,-0.0497992879084648,250,1,Stable
OKE,OKE_data.csv,42738,43098,-0.09530087167763972,0.2340443962646061,-0.4419864401648824,4.8121488052124,0.1941186469488356,-0.4071914269201061,250,1,Stable
OMC,OMC_data.csv,42738,43098,-0.1565892606680331,0.1807335658336201,-1.0928246779577,9.596021118576282,0.2502574665293512,-0.8664094018494948,250,1,Stable
ORCL,ORCL_data.csv,42738,43098,0.2057643232732125,0.1771591978657079,0.3672958821001759,26.82529196496075,0.1045454545454545,1.161465652092126,250,2,High-Alpha
ORLY,ORLY_data.csv,42738,43098,-0.1560661187944562,0.3262076573281121,-3.717932075642811,44.81264735916607,0.3888122767936071,-0.4784256754508951,250,0,Downtrend
OXY,OXY_data.csv,42738,43098,0.01920321216780607,0.1825711026859887,0.3271727394327456,5.153924311187298,0.1971772519717724,0.1051821010296161,250,1,Stable
PAYX,PAYX_data.csv,42738,43098,0.1096971089340551,0.1502907382359307,-0.08364784471864596,5.354314182608956,0.1371301304486159,0.729899328605662,250,1,Stable
PBCT,PBCT_data.csv,42738,43098,-0.03131180948155599,0.1754412319399868,-0.1388999136490772,4.083151130252221,0.1838496698831895,-0.1784746329885943,250,1,Stable
PCAR,PCAR_data.csv,42738,43098,0.08518379706565939,0.199995562165095,-0.3392617585859856,5.157670603321188,0.1106036820322533,0.4259284363287059,250,1,Stable
PCG,PCG_data.csv,42738,43098,-0.2999956525181146,0.2525817778540311,-4.205744034728523,36.91275814895003,0.3788429290106204,-1.187716925056582,250,0,Downtrend
PCLN,PCLN_data.csv,42738,43098,0.1634840644870922,0.22234641731838,-4.971612522249751,52.00295484440486,0.1968179599804782,0.7352673654867026,250,0,Downtrend
PDCO,PDCO_data.csv,42738,43098,-0.1648647603387127,0.2435722143365983,-0.3828261676165645,7.791092860235054,0.3035677029000625,-0.6768619351256631,250,1,Stable
PEG,PEG_data.csv,42738,43098,0.1727236303223051,0.1278522617057229,0.1699810697792878,3.66551484414422,0.08982166159199645,1.350962650311674,250,2,High-Alpha
PEP,PEP_data.csv,42738,43098,0.1372930321415511,0.09863157242629675,-0.1917063645760894,3.332072074004392,0.0837951301427371,1.391978539571033,250,2,High-Alpha
PFE,PFE_data.csv,42738,43098,0.09384872211669844,0.1113746533231886,0.7778918486969085,5.57210781329035,0.08316488593704885,0.8426398584996428,250,2,High-Alpha
PFG,PFG_data.csv,42738,43098,0.1875586308613397,0.1609199061074532,-0.4154187638410191,4.680524448169903,0.1105833457028351,1.165540270301293,250,2,High-Alpha
PG,PG_data.csv,42738,43098,0.08798676422519634,0.1092808515048223,-0.02622377251160947,10.7061384172332,0.08845338983050854,0.8051434721966249,250,2,High-Alpha
PGR,PGR_data.csv,42738,43098,0.4643576802313844,0.1401859127091156,0.1572204107403491,5.654727939079703,0.1055430558396401,3.312441822845081,250,2,High-Alpha
PH,PH_data.csv,42738,43098,0.3392145218422637,0.1707997622522442,0.05349787472014703,3.9605281168896,0.07825929064277937,1.986036264741971,250,2,High-Alpha
PHM,PHM_data.csv,42738,43098,0.5882536578728046,0.1859567378535444,0.2890314102312358,5.727597560721439,0.08471074380165289,3.163389854343976,250,2,High-Alpha
PKG,PKG_data.csv,42738,43098,0.352208654921956,0.1852434101289425,0.3427571895619712,5.825060068319059,0.0842555331991951,1.901328930820232,250,2,High-Alpha
PKI,PKI_data.csv,42738,43098,0.3245747003263529,0.1606713231557562,0.1543169461218486,10.58797578918879,0.09994280812124667,2.020115935758537,250,2,High-Alpha
PLD,PLD_data.csv,42738,43098,0.2019115323105895,0.1594469025667781,-0.3617890795534848,3.987329798046117,0.1047865459249677,1.266324582417189,250,2,High-Alpha
PM,PM_data.csv,42738,43098,0.1479219373343203,0.1455801759637574,-0.4824504975066035,5.503360348772756,0.1696501220504476,1.016085716032833,250,2,High-Alpha
PNC,PNC_data.csv,42738,43098,0.2030059669230561,0.1776982735796542,-0.6276260216281949,5.255758941742438,0.11501719526175,1.142419466625024,250,2,High-Alpha
PNR,PNR_data.csv,42738,43098,0.1993146832801948,0.1938458273302549,0.08359672071604259,10.36664376956156,0.1032038978296176,1.028212399643881,250,2,High-Alpha
PNW,PNW_data.csv,42738,43098,0.09758852223617609,0.1204731273998279,-0.06160115932218177,4.092662491843584,0.08190828885742285,0.810043902257953,250,2,High-Alpha
PPG,PPG_data.csv,42738,43098,0.205762308802196,0.1614146824538672,-0.2375550339728106,12.71430076220088,0.1132922535211267,1.274743447585714,250,2,High-Alpha
PPL,PPL_data.csv,42738,43098,-0.09562844529726915,0.1226505741029026,-1.1794439152804,7.79787009878948,0.2321517723414878,-0.7796820030947256,250,1,Stable
PRGO,PRGO_data.csv,42738,43098,0.007661904907693797,0.340709403756512,0.7272576443840851,16.52662140250609,0.2417746188237991,0.02248809344038352,250,1,Stable
PRU,PRU_data.csv,42738,43098,0.09286912963516533,0.1713948241519105,-0.4450974832312092,5.205842172865092,0.1438861407619544,0.5418432563217526,250,1,Stable
PSA,PSA_data.csv,42738,43098,-0.06770397669219155,0.1737092912237114,-0.960144931848497,6.897410814527627,0.1509580864224231,-0.3897544927806944,250,1,Stable
PSX,PSX_data.csv,42738,43098,0.1543380612052599,0.1508624605560558,-0.1192138079054054,4.150649065426757,0.1367178546871419,1.02303820736049,250,2,High-Alpha
PVH,PVH_data.csv,42738,43098,0.4141598799655554,0.2328426494290683,0.9006859976320347,7.893160206647862,0.09859749024570275,1.778711421559057,250,2,High-Alpha
PWR,PWR_data.csv,42738,43098,0.1145137065916805,0.2213448103647754,0.5454685856755841,5.523387470853702,0.2030153366259423,0.5173543775567286,250,1,Stable
PX,PX_data.csv,42738,43098,0.2822799150471632,0.1418200864998743,0.6927891751347235,4.717824777323682,0.06719367588932812,1.99040856633107,250,2,High-Alpha
PXD,PXD_data.csv,42738,43098,-0.07715546702197484,0.2915030942661553,-1.055002886622003,9.48898073847644,0.3567621920563098,-0.26468146836043,250,1,Stable
PYPL,PYPL_data.csv,42738,43098,0.6086371778789921,0.2208252287863491,0.05916517576935627,7.489409872769867,0.09672903143693512,2.75619403282881,250,2,High-Alpha
QCOM,QCOM_data.csv,42738,43098,-0.02149733771281009,0.2750782572661046,-1.008043693396356,26.85337430780764,0.2577751196172248,-0.07814989787438578,250,1,Stable
QRVO,QRVO_data.csv,42738,43098,0.2321436485915456,0.2746322753041333,0.1136632791647114,4.074383894521344,0.2031368580824691,0.8452890263333581,250,1,Stable
RCL,RCL_data.csv,42738,43098,0.3550233349758434,0.2242163329971448,1.129730976555396,9.406356623587344,0.08500723123895226,1.583396402171845,250,2,High-Alpha
RE,RE_data.csv,42738,43098,0.02406590412113168,0.2084619015015406,-0.3143061277434309,11.70690980974929,0.2241074063145471,0.115445095472056,250,1,Stable
REG,REG_data.csv,42738,43098,0.004234380095149051,0.1880437585323187,-0.1092490367487887,4.234331644305738,0.1776847977684798,0.022518057117122,250,1,Stable
REGN,REGN_data.csv,42738,43098,-0.009977902185541072,0.289730038721223,0.1926219895324262,4.352492134648449,0.3188802157521888,-0.03443861820327773,250,1,Stable
RF,RF_data.csv,42738,43098,0.1816823137148509,0.2277434754198174,-0.5584319411654257,5.624765576689772,0.1722187303582653,0.7977498076726091,250,1,Stable
RHI,RHI_data.csv,42738,43098,0.1107711697153092,0.2322796867878348,-1.858374614576466,10.02282209392603,0.1506580239638577,0.476887028939763,250,1,Stable
RHT,RHT_data.csv,42738,43098,0.5424216023851655,0.2080069267873606,0.7276979605406145,14.16755741429318,0.07215698393077874,2.60770932373645,250,2,High-Alpha
RJF,RJF_data.csv,42738,43098,0.2500728605809108,0.1974886196015685,-0.81302288251082,7.206118299411997,0.123696849010191,1.266264664188906,250,2,High-Alpha
RL,RL_data.csv,42738,43098,0.135697357659524,0.2936406247742469,-0.451172331059505,20.01073981902286,0.2747120131651125,0.4621205181124006,250,1,Stable
RMD,RMD_data.csv,42738,43098,0.3151712822412203,0.2138207336132621,0.5998884367427202,17.51902004290614,0.08199214294766188,1.473997759315853,250,2,High-Alpha
ROK,ROK_data.csv,42738,43098,0.3515296059369953,0.193506621687148,1.366042231351854,12.06190435511919,0.06547826519942246,1.816628303838259,250,2,High-Alpha
ROP,ROP_data.csv,42738,43098,0.3395454920955707,0.1339126291207657,0.8353889292608301,7.120873301476995,0.05549941993188867,2.535574832074728,250,2,High-Alpha
ROST,ROST_data.csv,42738,43098,0.2030299877625657,0.2300383632720992,2.255418552093107,18.32369050666446,0.2331164135936371,0.8825918636988962,250,2,High-Alpha
RRC,RRC_data.csv,42738,43098,-0.6527563522796006,0.3974723094256399,-0.4971224512682162,4.881228395013484,0.5623074768972276,-1.642268748791216,250,0,Downtrend
RSG,RSG_data.csv,42738,43098,0.174371843302148,0.1151678425341199,-1.094990384656964,12.3350192756135,0.06886764266507317,1.514067116873255,250,2,High-Alpha
RTN,RTN_data.csv,42738,43098,0.2594530895724192,0.1261998296449488,-0.5359742110332647,5.971686708052816,0.05074532191563585,2.055890965165054,250,2,High-Alpha
SBAC,SBAC_data.csv,42738,43098,0.4404567703872226,0.1793047125941255,0.5534062451535084,7.219074006990013,0.08418914998549454,2.456470686212478,250,2,High-Alpha
SBUX,SBUX_data.csv,42738,43098,0.03718527696733168,0.1749146059818282,-2.799664659097774,26.32699857051705,0.1838315006969179,0.2125910341140684,250,1,Stable
SCG,SCG_data.csv,42738,43098,-0.6153980862671202,0.2805515846819668,-1.409244842524157,10.15193641242469,0.4897652838427947,-2.193529175622855,250,0,Downtrend
SCHW,SCHW_data.csv,42738,43098,0.2471488476450336,0.2259856067267635,-0.3149633369724714,6.432314290539844,0.1378359751895245,1.093648623134916,250,2,High-Alpha
SEE,SEE_data.csv,42738,43098,0.05893954260297505,0.1918784422211363,-2.340268674241103,18.34660620748555,0.1692552767821585,0.3071712586401359,250,1,Stable
SHW,SHW_data.csv,42738,43098,0.4043670080604206,0.164075591432767,1.666845651403236,12.70336542096983,0.08880148464116544,2.4645165349053,250,2,High-Alpha
SIG,SIG_data.csv,42738,43098,-0.5222648698455319,0.5493109116705508,-4.306232331325972,50.14807922698675,0.4993202969779358,-0.9507636909254776,250,0,Downtrend
SJM,SJM_data.csv,42738,43098,-0.03766355745855572,0.2061090321942704,-0.2370448477321876,25.56471328677632,0.2954481397970687,-0.1827360841860415,250,1,Stable
SLB,SLB_data.csv,42738,43098,-0.2316372950704485,0.1825255594940034,0.5493424828735634,4.935528324189405,0.2991540923639689,-1.269067716941082,250,1,Stable
SLG,SLG_data.csv,42738,43098,-0.07318022060881234,0.1686343800989668,-0.1369881279999573,3.61884420787316,0.1723076923076923,-0.4339578949788584,250,1,Stable
SNA,SNA_data.csv,42738,43098,0.01838348825017874,0.198309968220774,-0.9734011073772832,10.41606056933771,0.220459428193687,0.09270077755099441,250,1,Stable
SNI,SNI_data.csv,42738,43098,0.1666425927113956,0.2245964544230465,4.083686487293564,38.95439196111072,0.2009459131700218,0.7419644853231304,250,2,High-Alpha
SNPS,SNPS_data.csv,42738,43098,0.3645752130194125,0.1552715103887025,0.6402640484770677,11.53637581886892,0.05822561042978691,2.347985229915937,250,2,High-Alpha
SO,SO_data.csv,42738,43098,-0.01971853262909121,0.1242961775737474,-0.07324859254163478,3.381985079900518,0.09765258215962447,-0.1586415046222303,250,1,Stable
SPG,SPG_data.csv,42738,43098,-0.06191719223140629,0.2044605145527123,-0.2376792748187652,3.504863285444996,0.1850345233634856,-0.3028320278214076,250,1,Stable
SPGI,SPGI_data.csv,42738,43098,0.4500991639774145,0.140315995759998,-0.1881378710981319,4.729015697537548,0.05757575757575761,3.207753767056479,250,2,High-Alpha
SRCL,SRCL_data.csv,42738,43098,-0.1101393441876645,0.2253830205226928,0.7803391538035794,11.51807786851817,0.2816091954022989,-0.4886763161316982,250,1,Stable
SRE,SRE_data.csv,42738,43098,0.05611946594349008,0.1393886979291726,-0.8630537758824957,7.569730046132984,0.1253374785240939,0.4026113076399206,250,1,Stable
STI,STI_data.csv,42738,43098,0.1530716299122223,0.201418987484533,-0.5247352084154802,6.468900922608964,0.1480697181951458,0.7599662366686095,250,1,Stable
STT,STT_data.csv,42738,43098,0.2100395147049197,0.1713363312242155,-0.1154214281549367,4.564430249124876,0.09074428441937765,1.225890114514335,250,2,High-Alpha
STX,STX_data.csv,42738,43098,0.05495492871415288,0.4034207028347955,-2.145268799137032,26.66845083957945,0.3872500494951495,0.1362223810726378,250,0,Downtrend
STZ,STZ_data.csv,42738,43098,0.3931518503690266,0.1785237841151454,-0.2923915209792677,15.45045687306495,0.07114374327489081,2.202237938870089,250,2,High-Alpha
SWK,SWK_data.csv,42738,43098,0.3856008744185371,0.1400807558675353,0.7882266004066487,6.06952179274212,0.07259810554803803,2.752704124349338,250,2,High-Alpha
SWKS,SWKS_data.csv,42738,43098,0.2357352356277853,0.2658565002351544,0.9838392876769262,13.56636605415696,0.1911802630447863,0.8867010414237518,250,2,High-Alpha
SYF,SYF_data.csv,42738,43098,0.04130087413428515,0.2817366207833735,-3.455511629309593,37.7002825315443,0.3013445821249671,0.1465939146265308,250,0,Downtrend
SYK,SYK_data.csv,42738,43098,0.261739195229344,0.1501653340230054,1.042851023156202,17.21833435679748,0.06387009472259808,1.743006779375894,250,2,High-Alpha
SYMC,SYMC_data.csv,42738,43098,0.1571216617566809,0.2385586971425473,-1.203292307731852,8.65992581079619,0.199063231850117,0.6586289397061686,250,1,Stable
SYY,SYY_data.csv,42738,43098,0.09989746167442608,0.1651970955165769,-0.4977778602453659,9.172709823092122,0.1187870087923919,0.6047168163704293,250,1,Stable
T,T_data.csv,42738,43098,-0.1019946254013238,0.1755301902288741,-0.425910110193053,8.778172345581126,0.2361692236169224,-0.5810659993493588,250,1,Stable
TAP,TAP_data.csv,42738,43098,-0.1775790545083134,0.1696537827457865,-1.245542921329019,9.766943690497168,0.2467762575056601,-1.046714382869979,250,1,Stable
TDG,TDG_data.csv,42738,43098,0.09250389336137915,0.2580345144768854,-1.675271500320884,11.99829246294917,0.1798836437468276,0.3584942640286427,250,1,Stable
TEL,TEL_data.csv,42738,43098,0.3233373990929678,0.1527588329159786,0.01083155370398907,5.948036845486056,0.06741167988464314,2.116652719327935,250,2,High-Alpha
TGT,TGT_data.csv,42738,43098,-0.1096732827275903,0.3041306433142335,-1.512315215073029,15.35820721815582,0.3201463216366346,-0.3606124050258026,250,1,Stable
TIF,TIF_data.csv,42738,43098,0.2922163030940212,0.2192885987502448,-1.183387196576348,10.88798632512536,0.118037547972202,1.332564961240124,250,2,High-Alpha
TJX,TJX_data.csv,42738,43098,0.01340392339884448,0.1713718250192653,-0.412935015193185,4.419002249546553,0.171209117938553,0.07821544409261931,250,1,Stable
TMK,TMK_data.csv,42738,43098,0.2063216507117676,0.1104683195674468,-0.3042830871405653,4.479100545795824,0.05844238343285468,1.867699730743141,250,2,High-Alpha
TMO,TMO_data.csv,42738,43098,0.2811042769857729,0.1674329970943527,0.3517899970601516,12.85132965503336,0.09153066826371214,1.678906081023943,250,2,High-Alpha
TPR,TPR_data.csv,42738,43098,0.2213456564846408,0.2769183879985766,-2.487024982684539,39.17221841584645,0.2025030775543702,0.7993172937500219,250,1,Stable
TRIP,TRIP_data.csv,42738,43098,-0.3237101119718381,0.4277008635229515,-3.93224803360691,39.00054830225293,0.4319727891156463,-0.756861020352995,250,0,Downtrend
TROW,TROW_data.csv,42738,43098,0.3272649440488347,0.1812163233721667,-0.8762876011330508,7.389594879860259,0.136676627257373,1.805935237835753,250,2,High-Alpha
TRV,TRV_data.csv,42738,43098,0.1159608841137826,0.1300975956417178,-0.04478002906575849,6.717180944781224,0.1150211294660007,0.8913376418818146,250,2,High-Alpha
TSCO,TSCO_data.csv,42738,43098,-0.01538961190783603,0.2583087303050774,-0.2205408342995062,7.546837690809828,0.3538004136504653,-0.05957836535242159,250,1,Stable
TSN,TSN_data.csv,42738,43098,0.2609381786849491,0.1952822286584144,0.3671917345236022,11.02130779263479,0.1231075087933935,1.336210573166795,250,2,High-Alpha
TSS,TSS_data.csv,42738,43098,0.4336117275187762,0.1686093746965576,0.6088014776063295,11.21526892201704,0.07153055396916053,2.571694060897487,250,2,High-Alpha
TWX,TWX_data.csv,42738,43098,-0.05667241716214256,0.1300414718843053,-2.088578874002644,23.93966246374445,0.1600733307603243,-0.4358026431180556,250,1,Stable
TXN,TXN_data.csv,42738,43098,0.353041410107533,0.1610915716595227,-0.9707818556542238,5.682382666831552,0.09402418781124033,2.191557301667579,250,2,High-Alpha
TXT,TXT_data.csv,42738,43098,0.140034306924626,0.1823259890571453,-0.2132451123558947,6.660374441995284,0.09801192842942341,0.7680435885678147,250,2,High-Alpha
UA,UA_data.csv,42738,43098,-0.664832686012899,0.5131367261649499,-3.691811464282405,31.81494365277321,0.612371888726208,-1.29562483469403,250,0,Downtrend
UAA,UAA_data.csv,42738,43098,-0.7333656215177768,0.5374872115094858,-4.451008482498766,39.75981579565423,0.6219472484532726,-1.364433619654287,250,0,Downtrend
UAL,UAL_data.csv,42738,43098,-0.07644058001365384,0.2999615531637698,-1.180650906501374,11.33985950886279,0.3026941362916006,-0.2548345919915931,250,1,Stable
UDR,UDR_data.csv,42738,43098,0.06960089078497207,0.1331417617972077,-0.1797102782461605,5.013379279297136,0.06939985181526309,0.5227577722081169,250,2,High-Alpha
UHS,UHS_data.csv,42738,43098,0.06084842634366604,0.2167642894951164,-0.9372305217896819,9.973719883033692,0.2438215554678248,0.2807124110959103,250,1,Stable
ULTA,ULTA_data.csv,42738,43098,-0.1388047563325314,0.2809008002605792,-0.9407363422088633,8.582677029568739,0.3938737130653748,-0.4941415482040935,250,1,Stable
UNH,UNH_data.csv,42738,43098,0.3140129415335329,0.142034935180621,0.6106600447053822,8.551810709948018,0.04855047153335668,2.210814833225456,250,2,High-Alpha
UNM,UNM_data.csv,42738,43098,0.2165164593191314,0.1634725873146458,-0.4446653307977824,4.6584899969772,0.121540312876053,1.324481754866881,250,2,High-Alpha
UNP,UNP_data.csv,42738,43098,0.2706761119020952,0.1743857838141059,0.3653067042404074,6.261209250206642,0.1068440059896062,1.552168450787445,250,2,High-Alpha
UPS,UPS_data.csv,42738,43098,0.035033710180295,0.1584589530670771,-1.698695495986874,13.38186450631494,0.128884748920315,0.2210901277724896,250,1,Stable
URI,URI_data.csv,42738,43098,0.4564054673616383,0.3021569141841827,0.1324351205507564,6.804402149284792,0.2380023995200961,1.510491555667106,250,2,High-Alpha
USB,USB_data.csv,42738,43098,0.0406940257209679,0.1419318124462039,-0.1761199055051124,4.372810904166637,0.1191278142173373,0.2867153249127433,250,1,Stable
UTX,UTX_data.csv,42738,43098,0.1417930796647353,0.1303613867777614,-1.254322173921014,13.97739392924646,0.1144612399967666,1.087692323390687,250,2,High-Alpha
V,V_data.csv,42738,43098,0.3635017847426931,0.1288694115882563,-0.04016410266144908,7.491287108824481,0.05231122088920248,2.820698723325424,250,2,High-Alpha
VAR,VAR_data.csv,42738,43098,0.2051721652890421,0.2159499072079581,-4.412366698575025,41.92978048428952,0.1598138930967322,0.950091472331418,250,1,Stable
VFC,VFC_data.csv,42738,43098,0.3288643820159236,0.1919965454984935,-0.2615535704229137,6.736637088553373,0.1076923076923078,1.712866141221817,250,2,High-Alpha
VIAB,VIAB_data.csv,42738,43098,-0.1541211667487435,0.3453131517495182,-1.264711563303382,13.19767422531579,0.5008580008580008,-0.4463228984123352,250,0,Downtrend
VLO,VLO_data.csv,42738,43098,0.2684631838322559,0.1789005654909868,-0.09665394556320672,3.728189526608071,0.1270945754047146,1.500627921971445,250,2,High-Alpha
VMC,VMC_data.csv,42738,43098,0.02972303407019435,0.2454994161198607,0.1402798012125635,3.119485343933276,0.1683914843287996,0.1210717098230597,250,1,Stable
VNO,VNO_data.csv,42738,43098,-0.294614471326731,0.2715124204711439,-8.691900340559434,114.8431736543884,0.3470455570590889,-1.085086534220052,250,0,Downtrend
VRSK,VRSK_data.csv,42738,43098,0.167283852329349,0.1548967573291445,-1.206218063170151,16.72547930120511,0.09907266111045898,1.079970008499809,250,2,High-Alpha
VRSN,VRSN_data.csv,42738,43098,0.3953651736883197,0.1328463359693715,-0.4297783660472951,3.817364756543066,0.04643902439024394,2.976108981880188,250,2,High-Alpha
VRTX,VRTX_data.csv,42738,43098,0.6992306039122892,0.3672737115362102,4.108780083068705,33.49509078159785,0.1735596893624707,1.903840601570937,250,2,High-Alpha
VTR,VTR_data.csv,42738,43098,-0.03499549106677433,0.1570066268815079,-0.6255374825148458,4.735701096823043,0.1680800778534687,-0.2228918088482038,250,1,Stable
VZ,VZ_data.csv,42738,43098,-0.03094280724557667,0.1729049833816216,0.8456368595122713,12.08531425821757,0.2150439238653001,-0.1789584466590085,250,1,Stable
WAT,WAT_data.csv,42738,43098,0.3506453980139155,0.1684898869750933,0.4857079489042188,11.18174072106098,0.07379380668706059,2.081106494336654,250,2,High-Alpha
WBA,WBA_data.csv,42738,43098,-0.1341831435185623,0.1839546308247704,-0.7336174953643734,6.417694499038184,0.2640109576532359,-0.7294360729977003,250,1,Stable
WDC,WDC_data.csv,42738,43098,0.1369017802694917,0.3036863103119704,-0.7052303234453576,4.942393077153777,0.1884012209241133,0.4507999722768389,250,1,Stable
WEC,WEC_data.csv,42738,43098,0.1283113059199912,0.1172086828870454,-0.5776549128493085,4.215557719670326,0.0635441527446301,1.094725260616105,250,2,High-Alpha
WFC,WFC_data.csv,42738,43098,0.08073843242880917,0.1767848346196135,0.2261329440236265,3.72629196017256,0.1699313577766617,0.4567045165527542,250,1,Stable
WHR,WHR_data.csv,42738,43098,-0.0819879990554129,0.2319753871026944,-3.050086715789434,21.72469987573616,0.1883129978824241,-0.3534340434966802,250,1,Stable
WLTW,WLTW_data.csv,42738,43098,0.2026998012832076,0.1330580129582235,1.365580959392571,12.59367192892676,0.0812705767589319,1.523394170532591,250,2,High-Alpha
WM,WM_data.csv,42738,43098,0.2035487064841884,0.1107319169967363,0.3169757928551438,14.30698803318494,0.05024922538057397,1.83821170991005,250,2,High-Alpha
WMB,WMB_data.csv,42738,43098,-0.03156868172300747,0.2242777282690652,-2.178180217666569,18.48198128798477,0.1665638494756324,-0.1407570959749273,250,1,Stable
WMT,WMT_data.csv,42738,43098,0.366332012677696,0.1789357103615472,2.837714620178525,30.29464930260333,0.08759033142287564,2.047282858952562,250,2,High-Alpha
WRK,WRK_data.csv,42738,43098,0.2120150951985289,0.1996582997603045,-0.1874710412444805,3.925233291826226,0.1129090255303846,1.061889715844816,250,2,High-Alpha
WU,WU_data.csv,42738,43098,-0.1458704317353489,0.1683168912163104,-0.4388734362986618,4.909891037761984,0.1816570669029686,-0.8666416702521275,250,1,Stable
WY,WY_data.csv,42738,43098,0.1508202102378319,0.1575367471534324,-0.2176959507287192,4.581936303576734,0.1084096109839817,0.9573652685042494,250,2,High-Alpha
WYN,WYN_data.csv,42738,43098,0.4257727931189227,0.1847444926389697,0.9868628583756952,15.40838033715175,0.08663436876603015,2.304657568066043,250,2,High-Alpha
WYNN,WYNN_data.csv,42738,43098,0.661538491329678,0.2663483226981163,0.7447985748714776,5.799904369626001,0.0960569866167793,2.483734399482128,250,2,High-Alpha
XEC,XEC_data.csv,42738,43098,-0.129889862706749,0.2543590328845513,0.1014992937342706,4.864480877576934,0.3589527619849793,-0.5106555927412397,250,1,Stable
XEL,XEL_data.csv,42738,43098,0.1705833355555941,0.1090889847681267,-0.2946992628838799,3.31563423820044,0.07722007722007718,1.563708159152606,250,2,High-Alpha
XL,XL_data.csv,42738,43098,-0.07111083284851652,0.2120448088736792,-0.6588972969955456,9.048465240859791,0.2486069438491212,-0.3353575747797681,250,1,Stable
XLNX,XLNX_data.csv,42738,43098,0.1332762767146625,0.2139597170160324,0.2085232336305672,7.617484810623798,0.1063268892794376,0.6229035940661478,250,1,Stable
XOM,XOM_data.csv,42738,43098,-0.08379313444681008,0.1142173647876362,-0.07110807585603482,3.500031181580792,0.1627241720761361,-0.7336286789894536,250,1,Stable
XRAY,XRAY_data.csv,42738,43098,0.1169277240066153,0.1989236220804588,-1.369656751072108,15.36324918498211,0.1951516999542614,0.587802106073262,250,1,Stable
XRX,XRX_data.csv,42738,43098,0.05653818238425232,0.2020586436694413,-0.3970673745777156,9.06113528701831,0.1729013254786452,0.279810758686207,250,1,Stable
XYL,XYL_data.csv,42738,43098,0.3199857437531007,0.1684835392360864,0.1278008658129802,7.370289202568458,0.06727525302639414,1.899210719361272,250,2,High-Alpha
YUM,YUM_data.csv,42738,43098,0.2575332012929185,0.1349255950084996,1.390404644038227,14.39115016979823,0.07967953386744364,1.908705322194023,250,2,High-Alpha
ZBH,ZBH_data.csv,42738,43098,0.1563728512341176,0.1991919310310038,0.03224859743875549,9.534209329697216,0.1801523263705603,0.7850360726197213,250,1,Stable
ZION,ZION_data.csv,42738,43098,0.1644141808231266,0.2260746339505255,-0.3593899281784861,4.273870093352621,0.1620459918332259,0.7272562071652288,250,1,Stable
ZTS,ZTS_data.csv,42738,43098,0.2982259090954024,0.1477766229391308,0.456254983272209,11.36927883337531,0.06198642372275809,2.018085832278368,250,2,High-Alpha
